{"stats":{"minecraft:used":{"minecraft:water_bucket":69,"minecraft:oak_sign":3,"minecraft:stone":342,"minecraft:grass_block":3},"minecraft:dropped":{"minecraft:water_bucket":1,"minecraft:oak_sign":18,"minecraft:grass_block":6},"minecraft:custom":{"minecraft:jump":557,"minecraft:time_since_rest":48679,"minecraft:play_one_minute":48679,"minecraft:crouch_one_cm":3250,"minecraft:leave_game":4,"minecraft:time_since_death":48679,"minecraft:sprint_one_cm":113504,"minecraft:walk_one_cm":99263,"minecraft:walk_on_water_one_cm":2214,"minecraft:sneak_time":1100,"minecraft:walk_under_water_one_cm":805,"minecraft:drop":12,"minecraft:fly_one_cm":207626},"minecraft:picked_up":{"minecraft:grass_block":2}},"DataVersion":2586}